class,id,name,tag,type,value
,,,html,,
,,,head,,
,,,meta,,
,,referrer,meta,,
,,,meta,,
,,,title,,
,,,script,,
,,,script,,
,,,script,,
,,,script,,
,,,script,,
,,,script,,
,,,style,,
,,,script,text/javascript,
,,,link,text/css,
,,,style,text/css,
,,,style,text/css,
,,,body,,
,,,style,,
L3eUgb,,,div,,
o3j99 n1xJcf Ne6nSd,,,div,,
,,,style,,
LX3sZb,,,div,,
gb_Ka gb_f gb_bb gb_Uc,gb,,div,,
gb_vd gb_9a gb_kd,,,div,,
,,,div,,
gb_Bd gb_D gb_Xf gb_Of,,,div,,
gb_C gb_D,,,div,,
gb_B,,,a,,
gb_C gb_D,,,div,,
gb_B,,,a,,
gb_Qd,,,div,,
gb_1c,,,div,,
gb_l gb_Ld gb_D,gbwa,,div,,
gb_g,,,div,,
gb_d,,,a,,
"{'animVal': 'gb_i', 'baseVal': 'gb_i'}",,,svg,,
"{'animVal': '', 'baseVal': ''}",,,path,,
gb_wa gb_gd gb_Id gb_he,,,a,,
gb_Dd,,,span,,
,,,div,,
,,callout,iframe,,
,,,div,,
o3j99 LLD4me yr19Zb LS8OJ,,,div,,
,,,style,,
k1zIA rSk4se,,,div,,
,,,style,,
lnXdpd,,,img,,
o3j99 ikrT4e om7nvf,,,div,,
,,,style,,
spch-dlg,spch-dlg,,dialog,,
spch,spch,,div,,
,,,style,,
,,,style,,
close-button,spchx,,button,submit,
spchc,spchc,,div,,
inner-container,,,div,,
button-container,,,div,,
,,,style,,
r8s4j,spchl,,span,,
LgbsSe,spchb,,span,,
microphone,,,div,,
,,,style,,
receiver,,,span,,
wrapper,,,div,,
stem,,,span,,
shell,,,span,,
text-container,,,div,,
,,,style,,
spcht,spchi,,span,,
spcht,spchf,,span,,
google-logo,,,div,,
permission-bar,,,div,,
,,,style,,
permission-bar-gradient,,,div,,
,,,form,,
,,,div,,
A8SBwf,,,div,,
,,,style,,
,,,style,,
RNNXgb,,,div,,
SDkEP,,,div,,
iblpc,,,div,,
,,,style,,
CcAdNb,,,div,,
QCzoEc z1asCe MZy1Rb,,,span,,
"{'animVal': '', 'baseVal': ''}",,,svg,,
"{'animVal': '', 'baseVal': ''}",,,path,,
a4bIc,,,div,,
,,,style,,
YacQv,,,div,,
gLFyf,APjFqb,q,textarea,textarea,
dRYYxd,,,div,,
,,,style,,
,,,style,,
,,,style,,
BKRPef,,,div,,
vOY7J,,,div,,
ExCKkf z1asCe rzyADb,,,span,,
"{'animVal': '', 'baseVal': ''}",,,svg,,
"{'animVal': '', 'baseVal': ''}",,,path,,
ACRAdd,,,span,,
,,,style,,
XDyW0e,,,div,,
"{'animVal': 'goxjub', 'baseVal': 'goxjub'}",,,svg,,
"{'animVal': '', 'baseVal': ''}",,,path,,
"{'animVal': '', 'baseVal': ''}",,,path,,
"{'animVal': '', 'baseVal': ''}",,,path,,
"{'animVal': '', 'baseVal': ''}",,,path,,
,,,style,,
nDcEnd,,,div,,
"{'animVal': 'Gdd5U', 'baseVal': 'Gdd5U'}",,,svg,,
"{'animVal': '', 'baseVal': ''}",,,rect,,
"{'animVal': '', 'baseVal': ''}",,,g,,
"{'animVal': '', 'baseVal': ''}",,,circle,,
"{'animVal': '', 'baseVal': ''}",,,circle,,
"{'animVal': '', 'baseVal': ''}",,,path,,
"{'animVal': '', 'baseVal': ''}",,,path,,
"{'animVal': '', 'baseVal': ''}",,,path,,
UUbT9,,,div,,
,,,style,,
RjPuVb,,,div,,
aajZCb,,,div,,
xtSCL,,,div,,
mkHrUc,Alh6id,,div,,
erkvQe,,,div,,
rLrQHf,,,div,,
,,,style,,
OBMEnb,shJ2Vb,,div,,
G43f7e,,,ul,,
,,,style,,
ynRric,ynRric,,div,,
,,,style,,
sbct,YMXe,,li,,0
eIPGRd,,,div,,
sbic,,,div,,
j0GJWd,,,div,,
,,,div,,
uHGFVd AZNDm,,,img,,
iQxPRb,,,div,,
uHGFVd EOLKOc,,,img,,
uHGFVd EOLKOc,,,img,,
pcTkSc,,,div,,
lnnVSe,,,div,,
wM6W7d,,,div,,
,,,span,,
ClJ9Yb,,,div,,
,,,span,,
a5RLac,,,div,,
,,,span,,
,,,style,,
Sz7Lee MagqMc U48fD,,,div,,
,,,style,,
,,,style,,
Bi9oQd,,,hr,,
ZFiwCf,,,div,,
LGwnxb,,,span,,
w2fKdd z1asCe lYxQe,,,span,,
"{'animVal': '', 'baseVal': ''}",,,svg,,
"{'animVal': '', 'baseVal': ''}",,,path,,
AQZ9Vd,,,div,,
,,,style,,
sbai,,,div,,
,,,style,,
sbct,mitGyb,,li,,0
eIPGRd,,,div,,
sbic,,,div,,
pcTkSc,,,div,,
lnnVSe,,,div,,
wM6W7d s2Wjec,,,div,,
,,,span,,
ClJ9Yb,,,div,,
,,,span,,
AQZ9Vd,,,div,,
sbai,,,div,,
lJ9FBc,,,div,,
,,,style,,
,,,center,,
gNO89b,,btnK,input,submit,Google Search
RNmpXc,,btnI,input,submit,I'm Feeling Lucky
,,,style,,
MG7lrf,,,div,,
,,,style,,
,,,div,,
yp,duf3-46,,div,,
oBa0Fe aciXEb,sbfblt,,a,,
M8H8pb,,,div,,
FPdoLc lJ9FBc,,,div,,
,,,center,,
gNO89b,,btnK,input,submit,Google Search
RNmpXc,,btnI,input,submit,I'm Feeling Lucky
,,,div,,
,,,script,,
,tophf,,div,,
,,sca_esv,input,hidden,567998441
,,source,input,hidden,hp
,,ei,input,hidden,9S0QZeicB4S-5OUPzbGR2Ac
,,iflsig,input,hidden,AO6bgOgAAAAAZRA8Bfr7CCDNMeHFAY05CPpXOjCXIJZl
o3j99 qarstb,,,div,,
,,,style,,
vcVZ7d,gws-output-pages-elements-homepage_additional_languages__als,,div,,
,,,style,,
,SIvCob,,div,,
,,,a,,
,,,a,,
,,,a,,
,,,a,,
,,,a,,
,,,a,,
,,,a,,
,,,a,,
,,,a,,
,,,div,,
o3j99 c93Gbe,,,div,,
,,,style,,
uU7dJb,,,div,,
KxwPGc SSwjIe,,,div,,
KxwPGc AghGtd,,,div,,
pHiOh,,,a,,
pHiOh,,,a,,
pHiOh,,,a,,
pHiOh,,,a,,
KxwPGc iTjxkf,,,div,,
pHiOh,,,a,,
pHiOh,,,a,,
,,,span,,
,,,style,,
,,,span,,
,,,style,,
,,,g-popup,,
CcNe6e,,,div,,
ayzqOc pHiOh,,,div,,
UjBGL pkWBse iRQHZe,,,div,,
cF4V5c yTik0 wplJBd PBn44e iQXTJe,,,g-menu,,
EpPYLd GZnQqe,,,g-menu-item,,
YpcDnf OSrXXb HG1dvd,,,div,,
,,,a,,
EpPYLd GZnQqe,,,g-menu-item,,
YpcDnf OSrXXb HG1dvd,,,div,,
,,,a,,
EpPYLd GZnQqe,,,g-menu-item,,
YpcDnf OSrXXb HG1dvd,,,div,,
,,,a,,
EpPYLd GZnQqe,,,g-menu-item,,
YpcDnf OSrXXb HG1dvd,,,div,,
,,,a,,
EpPYLd GZnQqe,,,g-menu-item,,
YpcDnf OSrXXb HG1dvd,,,div,,
,,,a,,
EpPYLd GZnQqe,,,g-menu-item,,
YpcDnf OSrXXb HG1dvd,,,div,,
,,,span,,
EpPYLd GZnQqe LGiluc,,,g-menu-item,,
EpPYLd GZnQqe,,,g-menu-item,,
YpcDnf OSrXXb HG1dvd,,,div,,
y0fQ9c,YUIDDb,,div,,
,,,style,,
tFYjZe,,,div,,
,,,div,,
iOHNLb,,,div,,
z1asCe aqvxcd,,,span,,
"{'animVal': '', 'baseVal': ''}",,,svg,,
"{'animVal': '', 'baseVal': ''}",,,rect,,
"{'animVal': '', 'baseVal': ''}",,,path,,
,,,div,,
Fgvgjc,,,div,,
,,,style,,
gTMtLb fp-nh,lb,,div,,
,,,style,,
yf,a3JU5b,,div,,
,,,span,,
,,,span,,
,,,script,,
,,,div,,
,,,div,,
csi,,csi,textarea,textarea,
,,,script,,
gb_ed,,,div,,
,,,script,,
,,,script,,
,,,script,,
